{
    "hidden": true,
    "type": "origins:action_on_entity_use",
    "bientity_action": {
        "type": "origins:mount"
    },
    "bientity_condition": {
        "type": "origins:and",
        "conditions": [
            {
                "type": "origins:riding",
                "inverted": true
            },
            {
                "type": "origins:target_condition",
                "condition": {
                    "type": "origins:and",
                    "conditions": [
                        {
                            "type": "origins:predicate",
                            "predicate": "ntorigins:adult_chicken"
                        },
                        {
                            "type": "origins:passenger",
                            "comparison": "==",
                            "compare_to": 0
                        }
                    ]
                }
            }
        ]
    },
    "item_condition": {
        "type": "origins:empty"
    },
    "hands": [
        "main_hand"
    ],
    "condition": {
        "type": "origins:sneaking",
        "inverted": true
    }

}