{
    "type": "origins:multiple",
    "meat": {
        "type": "origins:prevent_item_use",
        "item_condition": {
            "type": "origins:ingredient",
            "ingredient": {
                "tag": "ntorigins:non_rat_food"
            }
        }
    },
    "cakes": {
        "type": "origins:prevent_block_use",
        "block_condition": {
            "type": "origins:in_tag",
            "tag": "ntorigins:cakes"
        }
    },
    "name": "\u00A7c\u00A7nCooking is for Losers",
    "description": "You don't like food other races consider civilized. I'll take my trash and like it, thank you very much.\n-you can only eat raw foods-"
}