{
    "type": "origins:multiple",
    "rotten_flesh": {
        "type": "origins:action_on_item_use",
        "entity_action": {
            "type": "origins:clear_effect",
            "effect": "minecraft:hunger"
        },
        "item_condition": {
            "type": "origins:ingredient",
            "ingredient": {
                "item": "minecraft:rotten_flesh"
            }
        }
    },
    "pufferfish": {
        "type": "origins:action_on_item_use",
        "entity_action": {
            "type": "origins:and",
            "actions": [
                {
                    "type": "origins:clear_effect",
                    "effect": "minecraft:hunger"
                },
                {
                    "type": "origins:clear_effect",
                    "effect": "minecraft:poison"
                }
            ]
        },
        "item_condition": {
            "type": "origins:ingredient",
            "ingredient": {
                "item": "minecraft:pufferfish"
            }
        }
    },
    "raw_chicken": {
        "type": "origins:action_on_item_use",
        "entity_action": {
            "type": "origins:clear_effect",
            "effect": "minecraft:hunger"
        },
        "item_condition": {
            "type": "origins:ingredient",
            "ingredient": {
                "item": "minecraft:chicken"
            }
        }
    },
    "poisonous_potato": {
        "type": "origins:action_on_item_use",
        "entity_action": {
            "type": "origins:clear_effect",
            "effect": "minecraft:poison"
        },
        "item_condition": {
            "type": "origins:ingredient",
            "ingredient": {
                "item": "minecraft:poisonous_potato"
            }
        }
    },
    "spider_eye": {
        "type": "origins:action_on_item_use",
        "entity_action": {
            "type": "origins:clear_effect",
            "effect": "minecraft:poison"
        },
        "item_condition": {
            "type": "origins:ingredient",
            "ingredient": {
                "item": "minecraft:spider_eye"
            }
        }
    },
    "food_bonus": {
        "type": "origins:action_on_item_use",
        "entity_action": {
            "type": "origins:feed",
            "food": 2,
            "saturation": 1
        },
        "item_condition": {
            "type": "origins:ingredient",
            "ingredient": {
                "tag": "ntorigins:rat_food"
            }
        }
    },
    "name": "\u00A7a\u00A7nUn-picky eater",
    "description": "One man's trash is another rat's delicacy. The rottener the better.\n-do not get hunger or poison from foods-"
}