{
    "type": "origins:active_self",
    "entity_action": {
        "type": "origins:and",
        "actions": [
            {
                "type": "origins:area_of_effect",
                "radius": 10,
                "bientity_action": {
                    "type": "origins:and",
                    "actions": [
                        {
                            "type": "origins:damage",
                            "amount": 6,
                            "source": {
                                "name": "explosion.player",
                                "bypasses_armor": false
                            }
                        },
                        {
                            "type": "origins:add_velocity",
                            "z": 2,
                            "y": 0.5,
                            "space": "local"
                        }
                    ]
                }
            },
            {
                "type": "origins:change_resource",
                "resource": "ntorigins:wizard/spellcasting/mana_pool",
                "change": -30,
                "operation": "add"
            },
            {
                "type": "origins:play_sound",
                "sound": "minecraft:entity.zombie.break_wooden_door",
                "pitch": 0.0
            },
            {
                "type": "origins:spawn_particles",
                "particle": {
                    "type": "minecraft:block",
                    "params": "minecraft:ancient_debris"
                },
                "spread": {
                    "x": 5.0,
                    "y": 0.0,
                    "z": 5.0
                },
                "speed": 0.0,
                "count": 500
            }
        ]
    },
    "condition": {
        "type": "origins:and",
        "conditions": [
            {
                "type": "origins:advancement",
                "advancement": "ntorigins:wizard/spell_tree/2spells/earth/shockwave"
            },
            {
                "type": "origins:resource",
                "resource": "ntorigins:wizard/spellcasting/spell_select_spell_school_resource",
                "comparison": "==",
                "compare_to": 2
            },
            {
                "inverted": true,
                "type": "origins:power_active",
                "power": "ntorigins:wizard/spellcasting/spell_select_staff_toggle"
            },
            {
                "type": "origins:resource",
                "resource": "ntorigins:wizard/spellcasting/mana_pool",
                "comparison": ">=",
                "compare_to": 30
            }
        ]
    },
    "cooldown": 600,
    "hud_render": {
        "should_render": true,
        "sprite_location": "origins:textures/gui/community/huang/resource_bar_01.png",
        "bar_index": 13
    },
    "key": {
        "key": "key.origins.quinary_active"
    },
    "hidden": true
}