{
    "display": {
        "icon": {
            "item": "minecraft:enchanting_table"
        },
        "title": "Rituals",
        "description": "Your complete knowledge of the basic elements of the world enables you to understand more complex magical processes. With arcane implements and great preparation, you may be able to harness this knowledge in even more complex spells.",
        "frame": "goal",
        "announce_to_chat": false,
        "hidden": true
    },
    "parent": "ntorigins:wizard/spell_tree/spellcaster",
    "criteria": {
        "wizard": {
            "trigger": "minecraft:tick",
            "conditions": {
                "player": [
                    {
                        "condition": "minecraft:reference",
                        "name": "ntorigins:wizard"
                    }
                ]
            }
        },
        "mastery_of_air": {
            "trigger": "minecraft:tick",
            "conditions": {
                "player": [
                    {
                        "condition": "minecraft:entity_properties",
                        "entity": "this",
                        "predicate": {
                            "type": "minecraft:player",
                            "type_specific": {
                                "type": "player",
                                "advancements": {
                                    "ntorigins:wizard/spell_tree/2spells/air/mastery_of_air": true
                                }
                            }
                        }
                    }
                ]
            }
        },
        "mastery_of_lightning": {
            "trigger": "minecraft:tick",
            "conditions": {
                "player": [
                    {
                        "condition": "minecraft:entity_properties",
                        "entity": "this",
                        "predicate": {
                            "type": "minecraft:player",
                            "type_specific": {
                                "type": "player",
                                "advancements": {
                                    "ntorigins:wizard/spell_tree/2spells/lightning/mastery_of_lightning": true
                                }
                            }
                        }
                    }
                ]
            }
        },
        "mastery_of_fire": {
            "trigger": "minecraft:tick",
            "conditions": {
                "player": [
                    {
                        "condition": "minecraft:entity_properties",
                        "entity": "this",
                        "predicate": {
                            "type": "minecraft:player",
                            "type_specific": {
                                "type": "player",
                                "advancements": {
                                    "ntorigins:wizard/spell_tree/2spells/fire/mastery_of_fire": true
                                }
                            }
                        }
                    }
                ]
            }
        },
        "mastery_of_ice": {
            "trigger": "minecraft:tick",
            "conditions": {
                "player": [
                    {
                        "condition": "minecraft:entity_properties",
                        "entity": "this",
                        "predicate": {
                            "type": "minecraft:player",
                            "type_specific": {
                                "type": "player",
                                "advancements": {
                                    "ntorigins:wizard/spell_tree/2spells/ice/mastery_of_ice": true
                                }
                            }
                        }
                    }
                ]
            }
        },
        "mastery_of_earth": {
            "trigger": "minecraft:tick",
            "conditions": {
                "player": [
                    {
                        "condition": "minecraft:entity_properties",
                        "entity": "this",
                        "predicate": {
                            "type": "minecraft:player",
                            "type_specific": {
                                "type": "player",
                                "advancements": {
                                    "ntorigins:wizard/spell_tree/2spells/earth/mastery_of_earth": true
                                }
                            }
                        }
                    }
                ]
            }
        }
    },
    "requirements": [
        [
            "wizard"
        ],
        [
            "mastery_of_earth",
            "mastery_of_air",
            "mastery_of_fire",
            "mastery_of_ice",
            "mastery_of_lightning"
        ]
    ]
}
