{
	"type": "origins:multiple",
	"helmet_boost": {
		"type": "origins:conditioned_attribute",
		"modifier": {
			"attribute": "generic.armor",
			"operation": "addition",
			"value": 1
		},
		"condition": {
			"type": "origins:equipped_item",
			"equipment_slot": "head",
			"item_condition": {
				"type": "origins:ingredient",
				"ingredient": {
					"tag": "ntorigins:dwarven_armour"
				}
			}
		}
	},
	"chestplate_boost": {
		"type": "origins:conditioned_attribute",
		"modifier": {
			"attribute": "generic.armor",
			"operation": "addition",
			"value": 2
		},
		"condition": {
			"type": "origins:equipped_item",
			"equipment_slot": "chest",
			"item_condition": {
				"type": "origins:ingredient",
				"ingredient": {
					"tag": "ntorigins:dwarven_armour"
				}
			}
		}
	},
	"leggings_boost": {
		"type": "origins:conditioned_attribute",
		"modifier": {
			"attribute": "generic.armor",
			"operation": "addition",
			"value": 2
		},
		"condition": {
			"type": "origins:equipped_item",
			"equipment_slot": "legs",
			"item_condition": {
				"type": "origins:ingredient",
				"ingredient": {
					"tag": "ntorigins:dwarven_armour"
				}
			}
		}
	},
	"boots_boost": {
		"type": "origins:conditioned_attribute",
		"modifier": {
			"attribute": "generic.armor",
			"operation": "addition",
			"value": 1
		},
		"condition": {
			"type": "origins:equipped_item",
			"equipment_slot": "feet",
			"item_condition": {
				"type": "origins:ingredient",
				"ingredient": {
					"tag": "ntorigins:dwarven_armour"
				}
			}
		}
	},
	"name": "\u00A7a\u00A7nExpert Armorsmith",
	"description": "You are an expert at crafting and using heavy armors.\n-bonus armor from chain, iron, diamond and netherite-"
}