{
	"type": "origins:multiple",
	"haste": {
		"type": "origins:stacking_status_effect",
		"min_stacks": -10,
		"max_stacks": 10,
		"duration_per_stack": 10,
		"effects": [
			{
				"effect": "minecraft:haste",
				"is_ambient": true,
				"show_particles": false,
				"show_icon": true
			}
		],
		"condition": {
			"type": "origins:exposed_to_sky",
			"inverted": true
		}
	},
	"fortune": {
		"type": "origins:replace_loot_table",
		"replace": {
			"([a-z|0-9|\\-|_]).*:blocks\/(([a-z|0-9|\\-|_]).*)_ore": "ntorigins:double_rolls"
		},
		"condition": {
			"inverted": true,
			"type": "origins:equipped_item",
			"equipment_slot": "mainhand",
			"item_condition": {
				"type": "origins:enchantment",
				"enchantment": "minecraft:silk_touch",
				"comparison": "==",
				"compare_to": 1
			}
		}
	},
	"name": "\u00A7a\u00A7nExpert Miner",
	"description": "Your skill with a pick is legendary, and you always seem to find a little extra underground.\n-haste when underground, and double loot from ores-"
}