{
	"type": "origins:multiple",
	"not_stealthy": {
		"type": "origins:action_over_time",
		"entity_action": {
			"type": "origins:execute_command",
			"command": "function ntorigins:dwarf/notStealthy"
		},
		"interval": 100
	},
	"not_stealthy_callback": {
		"type": "origins:action_on_callback",
		"entity_action_chosen": {
			"type": "origins:execute_command",
			"command": "function ntorigins:dwarf/notStealthy_callon"
		},
		"entity_action_lost": {
			"type": "origins:execute_command",
			"command": "function ntorigins:dwarf/notStealthy_callback"
		},
		"execute_chosen_when_orb": true
	},
	"name": "\u00A7c\u00A7nNot Stealthy",
	"description": "Your foes know when you are coming, whether you want them to or not.\n-mobs detect you further away-"
}