{
	"type": "origins:multiple",
	"tall_in_spirit_callback": {
		"type": "origins:action_on_callback",
		"entity_action_chosen": {
			"type": "origins:execute_command",
			"command": "function ntorigins:dwarf/dwarf_callon"
		},
		"entity_action_lost": {
			"type": "origins:execute_command",
			"command": "function ntorigins:dwarf/dwarf_callback"
		},
		"execute_chosen_when_orb": true
	},
	"tall_in_spirit_constant": {
		"type": "origins:action_over_time",
		"entity_action": {
			"type": "origins:execute_command",
			"command": "execute unless entity @s[pehkui.scale_nbt={\"pehkui:scale_data_types\":{\"pehkui:height\":{scale:0.65f}}}] run function ntorigins:dwarf/dwarf_callon"
		},
		"interval": 50
	},
	"name": "\u00A7b\u00A7nTall in Spirit",
	"description": "You stand tall and proud, at least in the tales you tell in the tavern, and the statues you build.\n-you are 1.4 blocks tall-"
}