{
    "type": "origins:modify_damage_taken",
    "modifier": {
        "operation": "multiply_total",
        "value": -0.5
    },
    "damage_condition": {
        "type": "origins:or",
        "conditions": [
            {
                "type": "origins:attacker",
                "entity_condition": {
                    "type": "origins:entity_type",
                    "entity_type": "minecraft:vex"
                }
            },
            {
                "type": "origins:name",
                "name": "magic"
            },
            {
                "type": "origins:name",
                "name": "magic.player"
            },
            {
                "type": "origins:name",
                "name": "indirectMagic"
            },
            {
                "type": "origins:name",
                "name": "indirectMagic.item"
            },
            {
                "type": "origins:name",
                "name": "dragonBreath"
            },
            {
                "type": "origins:name",
                "name": "dragonBreath.player"
            },
            {
                "type": "origins:attacker",
                "entity_condition": {
                    "type": "origins:entity_type",
                    "entity_type": "minecraft:evoker_fangs"
                }
            },
            {
                "type": "origins:attacker",
                "entity_condition": {
                    "type": "origins:entity_type",
                    "entity_type": "minecraft:evoker"
                }
            },
            {
                "type": "origins:attacker",
                "entity_condition": {
                    "type": "origins:entity_type",
                    "entity_type": "minecraft:witch"
                }
            },
            {
                "type": "origins:attacker",
                "entity_condition": {
                    "type": "origins:entity_type",
                    "entity_type": "minecraft:ender_dragon"
                }
            }
        ]
    },
    "name": "\u00A7a\u00A7nIn Tune with Magic",
    "description": "As you constantly work and experiment with magic, you know how to reduce its effects on you.\n- 50% damage from magic -"
}