{
    "name": "\u00A7a\u00A7nMagical Secrets",
    "description": "Through your studies, you have learned to imbue magical energies from around you into usable form.\n- Can craft blaze powder with gold nugget, iron nugget, redstone dust, amethyst shard, and gunpowder -",
    "type": "origins:recipe",
    "recipe": {
        "id": "ntorigins:wizard/overworld_blaze_powder",
        "type": "minecraft:crafting_shapeless",
        "ingredients": [
            {
                "item": "minecraft:gold_nugget"
            },
            {
                "item": "minecraft:iron_nugget"
            },
            {
                "item": "minecraft:redstone"
            },
            {
                "item": "minecraft:gunpowder"
            },
            {
                "item": "minecraft:amethyst_shard"
            }
        ],
        "result": {
            "item": "minecraft:blaze_powder",
            "count": 4
        }
    }
}