{
    "name": "\u00A7a\u00A7nMagical Melodies",
    "description": "When you play music from the horn of a goat, it inspires your allies and makes your enemies tremble.\n-blow goat horns with different tunes to apply different status effects to friends and foes-",
    "type": "origins:active_self",
    "key": {
        "key": "key.use"
    },
    "condition": {
        "type": "origins:equipped_item",
        "equipment_slot": "mainhand",
        "item_condition": {
            "type": "origins:ingredient",
            "ingredient": {
                "item": "minecraft:goat_horn"
            }
        }
    },
    "hud_render": {
        "should_render": true,
        "sprite_location": "origins:textures/gui/community/spiderkolo/resource_bar_03.png",
        "bar_index": 20
    },
    "cooldown": 1200,
    "entity_action": {
        "type": "origins:if_else_list",
        "actions": [
            {
                "condition": {
                    "type": "origins:equipped_item",
                    "equipment_slot": "mainhand",
                    "item_condition": {
                        "type": "origins:nbt",
                        "nbt": "{instrument: \"minecraft:ponder_goat_horn\"}"
                    }
                },
                "action": {
                    "type": "origins:area_of_effect",
                    "radius": 64,
                    "bientity_action": {
                        "type": "origins:target_action",
                        "action": {
                            "type": "origins:apply_effect",
                            "effect": {
                                "effect": "minecraft:haste",
                                "duration": 900
                            }
                        }
                    },
                    "include_target": true,
                    "bientity_condition": {
                        "type": "origins:target_condition",
                        "condition": {
                            "type": "origins:in_tag",
                            "tag": "ntorigins:faun_allies"
                        }
                    }
                }
            },
            {
                "condition": {
                    "type": "origins:equipped_item",
                    "equipment_slot": "mainhand",
                    "item_condition": {
                        "type": "origins:nbt",
                        "nbt": "{instrument:\"minecraft:sing_goat_horn\"}"
                    }
                },
                "action": {
                    "type": "origins:area_of_effect",
                    "radius": 256,
                    "bientity_action": {
                        "type": "origins:target_action",
                        "action": {
                            "type": "origins:apply_effect",
                            "effect": {
                                "effect": "minecraft:speed",
                                "duration": 900
                            }
                        }
                    },
                    "include_target": true,
                    "bientity_condition": {
                        "type": "origins:target_condition",
                        "condition": {
                            "type": "origins:in_tag",
                            "tag": "ntorigins:faun_allies"
                        }
                    }
                }
            },
            {
                "condition": {
                    "type": "origins:equipped_item",
                    "equipment_slot": "mainhand",
                    "item_condition": {
                        "type": "origins:nbt",
                        "nbt": "{instrument:\"minecraft:seek_goat_horn\"}"
                    }
                },
                "action": {
                    "type": "origins:area_of_effect",
                    "radius": 256,
                    "bientity_action": {
                        "type": "origins:target_action",
                        "action": {
                            "type": "origins:and",
                            "actions": [
                                {
                                    "type": "origins:apply_effect",
                                    "effect": {
                                        "effect": "minecraft:nausea",
                                        "duration": 100
                                    }
                                },
                                {
                                    "type": "origins:apply_effect",
                                    "effect": {
                                        "effect": "minecraft:unluck",
                                        "duration": 1728000
                                    }
                                },
                                {
                                    "type": "origins:apply_effect",
                                    "effect": {
                                        "effect": "minecraft:glowing",
                                        "duration": 900
                                    }
                                }
                            ]
                        }
                    },
                    "include_target": true,
                    "bientity_condition": {
                        "type": "origins:target_condition",
                        "condition": {
                            "type": "origins:in_tag",
                            "tag": "ntorigins:faun_enemies"
                        }
                    }
                }
            },
            {
                "condition": {
                    "type": "origins:equipped_item",
                    "equipment_slot": "mainhand",
                    "item_condition": {
                        "type": "origins:nbt",
                        "nbt": "{instrument:\"minecraft:feel_goat_horn\"}"
                    }
                },
                "action": {
                    "type": "origins:area_of_effect",
                    "radius": 256,
                    "bientity_action": {
                        "type": "origins:target_action",
                        "action": {
                            "type": "origins:apply_effect",
                            "effect": {
                                "effect": "minecraft:absorption",
                                "duration": 900
                            }
                        }
                    },
                    "include_target": true,
                    "bientity_condition": {
                        "type": "origins:target_condition",
                        "condition": {
                            "type": "origins:in_tag",
                            "tag": "ntorigins:faun_allies"
                        }
                    }
                }
            },
            {
                "condition": {
                    "type": "origins:equipped_item",
                    "equipment_slot": "mainhand",
                    "item_condition": {
                        "type": "origins:nbt",
                        "nbt": "{instrument:\"minecraft:admire_goat_horn\"}"
                    }
                },
                "action": {
                    "type": "origins:area_of_effect",
                    "radius": 256,
                    "bientity_action": {
                        "type": "origins:target_action",
                        "action": {
                            "type": "origins:apply_effect",
                            "effect": {
                                "effect": "minecraft:regeneration",
                                "duration": 900
                            }
                        }
                    },
                    "include_target": true,
                    "bientity_condition": {
                        "type": "origins:target_condition",
                        "condition": {
                            "type": "origins:in_tag",
                            "tag": "ntorigins:faun_allies"
                        }
                    }
                }
            },
            {
                "condition": {
                    "type": "origins:equipped_item",
                    "equipment_slot": "mainhand",
                    "item_condition": {
                        "type": "origins:nbt",
                        "nbt": "{instrument:\"minecraft:call_goat_horn\"}"
                    }
                },
                "action": {
                    "type": "origins:area_of_effect",
                    "radius": 256,
                    "bientity_action": {
                        "type": "origins:target_action",
                        "action": {
                            "type": "origins:apply_effect",
                            "effect": {
                                "effect": "minecraft:weakness",
                                "duration": 900
                            }
                        }
                    },
                    "include_target": true,
                    "bientity_condition": {
                        "type": "origins:target_condition",
                        "condition": {
                            "type": "origins:in_tag",
                            "tag": "ntorigins:faun_enemies"
                        }
                    }
                }
            },
            {
                "condition": {
                    "type": "origins:equipped_item",
                    "equipment_slot": "mainhand",
                    "item_condition": {
                        "type": "origins:nbt",
                        "nbt": "{instrument:\"minecraft:yearn_goat_horn\"}"
                    }
                },
                "action": {
                    "type": "origins:area_of_effect",
                    "radius": 256,
                    "bientity_action": {
                        "type": "origins:target_action",
                        "action": {
                            "type": "origins:apply_effect",
                            "effect": {
                                "effect": "minecraft:resistance",
                                "duration": 900
                            }
                        }
                    },
                    "include_target": true,
                    "bientity_condition": {
                        "type": "origins:target_condition",
                        "condition": {
                            "type": "origins:in_tag",
                            "tag": "ntorigins:faun_allies"
                        }
                    }
                }
            },
            {
                "condition": {
                    "type": "origins:equipped_item",
                    "equipment_slot": "mainhand",
                    "item_condition": {
                        "type": "origins:nbt",
                        "nbt": "{instrument:\"minecraft:dream_goat_horn\"}"
                    }
                },
                "action": {
                    "type": "origins:area_of_effect",
                    "radius": 256,
                    "bientity_action": {
                        "type": "origins:target_action",
                        "action": {
                            "type": "origins:clear_effect"
                        }
                    },
                    "include_target": true,
                    "bientity_condition": {
                        "type": "origins:target_condition",
                        "condition": {
                            "type": "origins:in_tag",
                            "tag": "ntorigins:faun_allies"
                        }
                    }
                }
            }
        ]
    }
}