{
    "type": "origins:action_on_hit",
    "bientity_action": {
        "type": "origins:add_velocity",
        "z": 2,
        "y": 0.2
    },
    "bientity_condition": {
        "type": "origins:actor_condition",
        "condition": {
            "type": "origins:equipped_item",
            "equipment_slot": "mainhand",
            "item_condition": {
                "type": "origins:empty"
            }
        }
    },
    "name": "\u00A7a\u00A7nRam",
    "description": "You shove your opponents with sturdy horns.\n-extra knockback when unarmed-"
}