{
    "type": "origins:stacking_status_effect",
    "min_stacks": -10,
    "max_stacks": 10,
    "duration_per_stack": 10,
    "effects": [
        {
            "effect": "minecraft:mining_fatigue",
            "is_ambient": true,
            "show_particles": false,
            "show_icon": true
        }
    ],
    "condition": {
        "type": "origins:saturation_level",
        "comparison": "==",
        "compare_to": 0
    },
    "name": "\u00A7c\u00A7nSnacky",
    "description": "You can't work when you're hungry.\n-mining fatigue when saturation is 0-"
}