{
    "type": "origins:active_self",
    "entity_action": {
        "type": "origins:and",
        "actions": [
            {
                "type": "origins:play_sound",
                "sound": "minecraft:entity.player.burp"
            },
            {
                "type": "origins:emit_game_event",
                "event": "minecraft:eat"
            },
            {
                "type": "origins:swing_hand"
            },
            {
                "type": "origins:feed",
                "food": 4,
                "saturation": 2
            },
            {
                "type": "origins:equipped_item_action",
                "equipment_slot": "mainhand",
                "action": {
                    "type": "origins:consume",
                    "amount": 1
                }
            },
            {
                "type": "origins:choice",
                "actions": [
                    {
                        "element": {
                            "type": "origins:apply_effect",
                            "effect": {
                                "effect": "minecraft:speed",
                                "duration": 400
                            }
                        },
                        "weight": 1
                    },
                    {
                        "element": {
                            "type": "origins:apply_effect",
                            "effect": {
                                "effect": "minecraft:slowness",
                                "duration": 400
                            }
                        },
                        "weight": 1
                    },
                    {
                        "element": {
                            "type": "origins:apply_effect",
                            "effect": {
                                "effect": "minecraft:haste",
                                "duration": 400
                            }
                        },
                        "weight": 1
                    },
                    {
                        "element": {
                            "type": "origins:apply_effect",
                            "effect": {
                                "effect": "minecraft:mining_fatigue",
                                "duration": 400
                            }
                        },
                        "weight": 1
                    },
                    {
                        "element": {
                            "type": "origins:apply_effect",
                            "effect": {
                                "effect": "minecraft:strength",
                                "duration": 400
                            }
                        },
                        "weight": 1
                    },
                    {
                        "element": {
                            "type": "origins:apply_effect",
                            "effect": {
                                "effect": "minecraft:instant_health",
                                "duration": 400
                            }
                        },
                        "weight": 1
                    },
                    {
                        "element": {
                            "type": "origins:apply_effect",
                            "effect": {
                                "effect": "minecraft:instant_damage",
                                "duration": 400
                            }
                        },
                        "weight": 1
                    },
                    {
                        "element": {
                            "type": "origins:apply_effect",
                            "effect": {
                                "effect": "minecraft:jump_boost",
                                "duration": 400
                            }
                        },
                        "weight": 1
                    },
                    {
                        "element": {
                            "type": "origins:apply_effect",
                            "effect": {
                                "effect": "minecraft:nausea",
                                "duration": 400
                            }
                        },
                        "weight": 1
                    },
                    {
                        "element": {
                            "type": "origins:apply_effect",
                            "effect": {
                                "effect": "minecraft:regeneration",
                                "duration": 400
                            }
                        },
                        "weight": 1
                    },
                    {
                        "element": {
                            "type": "origins:apply_effect",
                            "effect": {
                                "effect": "minecraft:resistance",
                                "duration": 400
                            }
                        },
                        "weight": 1
                    },
                    {
                        "element": {
                            "type": "origins:apply_effect",
                            "effect": {
                                "effect": "minecraft:fire_resistance",
                                "duration": 400
                            }
                        },
                        "weight": 1
                    },
                    {
                        "element": {
                            "type": "origins:apply_effect",
                            "effect": {
                                "effect": "minecraft:water_breathing",
                                "duration": 400
                            }
                        },
                        "weight": 1
                    },
                    {
                        "element": {
                            "type": "origins:apply_effect",
                            "effect": {
                                "effect": "minecraft:invisibility",
                                "duration": 400
                            }
                        },
                        "weight": 1
                    },
                    {
                        "element": {
                            "type": "origins:apply_effect",
                            "effect": {
                                "effect": "minecraft:blindness",
                                "duration": 400
                            }
                        },
                        "weight": 1
                    },
                    {
                        "element": {
                            "type": "origins:apply_effect",
                            "effect": {
                                "effect": "minecraft:night_vision",
                                "duration": 400
                            }
                        },
                        "weight": 1
                    },
                    {
                        "element": {
                            "type": "origins:apply_effect",
                            "effect": {
                                "effect": "minecraft:hunger",
                                "duration": 400
                            }
                        },
                        "weight": 1
                    },
                    {
                        "element": {
                            "type": "origins:apply_effect",
                            "effect": {
                                "effect": "minecraft:weakness",
                                "duration": 400
                            }
                        },
                        "weight": 1
                    },
                    {
                        "element": {
                            "type": "origins:apply_effect",
                            "effect": {
                                "effect": "minecraft:poison",
                                "duration": 400
                            }
                        },
                        "weight": 1
                    },
                    {
                        "element": {
                            "type": "origins:apply_effect",
                            "effect": {
                                "effect": "minecraft:wither",
                                "duration": 400
                            }
                        },
                        "weight": 1
                    },
                    {
                        "element": {
                            "type": "origins:apply_effect",
                            "effect": {
                                "effect": "minecraft:health_boost",
                                "duration": 400
                            }
                        },
                        "weight": 1
                    },
                    {
                        "element": {
                            "type": "origins:apply_effect",
                            "effect": {
                                "effect": "minecraft:absorption",
                                "duration": 400
                            }
                        },
                        "weight": 1
                    },
                    {
                        "element": {
                            "type": "origins:apply_effect",
                            "effect": {
                                "effect": "minecraft:saturation",
                                "duration": 400
                            }
                        },
                        "weight": 1
                    },
                    {
                        "element": {
                            "type": "origins:apply_effect",
                            "effect": {
                                "effect": "minecraft:glowing",
                                "duration": 400
                            }
                        },
                        "weight": 1
                    },
                    {
                        "element": {
                            "type": "origins:apply_effect",
                            "effect": {
                                "effect": "minecraft:levitation",
                                "duration": 400
                            }
                        },
                        "weight": 1
                    },
                    {
                        "element": {
                            "type": "origins:apply_effect",
                            "effect": {
                                "effect": "minecraft:unluck",
                                "duration": 400
                            }
                        },
                        "weight": 1
                    },
                    {
                        "element": {
                            "type": "origins:apply_effect",
                            "effect": {
                                "effect": "minecraft:slow_falling",
                                "duration": 400
                            }
                        },
                        "weight": 1
                    },
                    {
                        "element": {
                            "type": "origins:apply_effect",
                            "effect": {
                                "effect": "minecraft:conduit_power",
                                "duration": 400
                            }
                        },
                        "weight": 1
                    },
                    {
                        "element": {
                            "type": "origins:apply_effect",
                            "effect": {
                                "effect": "minecraft:dolphins_grace",
                                "duration": 400
                            }
                        },
                        "weight": 1
                    },
                    {
                        "element": {
                            "type": "origins:apply_effect",
                            "effect": {
                                "effect": "minecraft:bad_omen",
                                "duration": 400
                            }
                        },
                        "weight": 1
                    },
                    {
                        "element": {
                            "type": "origins:apply_effect",
                            "effect": {
                                "effect": "minecraft:hero_of_the_village",
                                "duration": 400
                            }
                        },
                        "weight": 1
                    },
                    {
                        "element": {
                            "type": "origins:apply_effect",
                            "effect": {
                                "effect": "minecraft:darkness",
                                "duration": 400
                            }
                        },
                        "weight": 1
                    },
                    {
                        "element": {
                            "type": "origins:clear_effect"
                        },
                        "weight": 1
                    },
                    {
                        "element": {
                            "type": "origins:set_on_fire",
                            "duration": 20
                        },
                        "weight": 1
                    },
                    {
                        "element": {
                            "type": "origins:spawn_effect_cloud",
                            "effect": {
                                "effect": "minecraft:nausea",
                                "duration": 100
                            }
                        },
                        "weight": 1
                    }
                ]
            }
        ]
    },
    "condition": {
        "type": "origins:equipped_item",
        "equipment_slot": "mainhand",
        "item_condition": {
            "type": "origins:ingredient",
            "ingredient": {
                "item": "minecraft:enchanted_book"
            }
        }
    },
    "key": {
        "key": "key.use"
    },
    "name": "\u00A7b\u00A7nWhat Magic Book? *burp*",
    "description": "Magic, like everything else, is tasty.\n-get a random status effect on eating an enchanted book-"
}