{
    "type": "origins:multiple",
    "I": {
        "type": "origins:modify_damage_dealt",
        "modifier": {
            "operation": "addition",
            "value": 2
        },
        "condition": {
            "type": "origins:equipped_item",
            "equipment_slot": "mainhand",
            "item_condition": {
                "type": "origins:enchantment",
                "enchantment": "minecraft:impaling",
                "comparison": "==",
                "compare_to": 1
            }
        }
    },
    "II": {
        "type": "origins:modify_damage_dealt",
        "modifier": {
            "operation": "addition",
            "value": 4
        },
        "condition": {
            "type": "origins:equipped_item",
            "equipment_slot": "mainhand",
            "item_condition": {
                "type": "origins:enchantment",
                "enchantment": "minecraft:impaling",
                "comparison": "==",
                "compare_to": 2
            }
        }
    },
    "III": {
        "type": "origins:modify_damage_dealt",
        "modifier": {
            "operation": "addition",
            "value": 6
        },
        "condition": {
            "type": "origins:equipped_item",
            "equipment_slot": "mainhand",
            "item_condition": {
                "type": "origins:enchantment",
                "enchantment": "minecraft:impaling",
                "comparison": "==",
                "compare_to": 3
            }
        }
    },
    "IV": {
        "type": "origins:modify_damage_dealt",
        "modifier": {
            "operation": "addition",
            "value": 8
        },
        "condition": {
            "type": "origins:equipped_item",
            "equipment_slot": "mainhand",
            "item_condition": {
                "type": "origins:enchantment",
                "enchantment": "minecraft:impaling",
                "comparison": "==",
                "compare_to": 4
            }
        }
    },
    "V": {
        "type": "origins:modify_damage_dealt",
        "modifier": {
            "operation": "addition",
            "value": 10
        },
        "condition": {
            "type": "origins:equipped_item",
            "equipment_slot": "mainhand",
            "item_condition": {
                "type": "origins:enchantment",
                "enchantment": "minecraft:impaling",
                "comparison": "==",
                "compare_to": 5
            }
        }
    },
    "projectile": {
        "type": "origins:modify_projectile_damage",
        "damage_condition": {
            "type": "origins:projectile",
            "projectile": "minecraft:trident"
        },
        "modifier": {
            "operation": "addition",
            "value": 3.5
        }
    },
    "hidden": true
}