{
    "type": "origins:modify_damage_dealt",
    "modifier": {
        "operation": "addition",
        "value": 2
    },
    "condition": {
        "type": "origins:equipped_item",
        "equipment_slot": "mainhand",
        "item_condition": {
            "type": "origins:ingredient",
            "ingredient": {
                "item": "minecraft:trident"
            }
        }
    },
    "name": "\u00A7a\u00A7nTrident Master",
    "description": "Tridents are your weapon of choice, and you are an expert at hitting perfectly with them.\n-bonus damage with tridents-"
}