{
    "display": {
        "icon": {
            "item": "minecraft:bookshelf"
        },
        "title": "Study",
        "description": "As a shut-in scholar, you prefer to spend your time at home, among your things, studying and relaxing. The longer you spend out exploring and adventuring, the more you long for the comforts of home.",
        "frame": "goal",
        "show_toast": false,
        "announce_to_chat": false
    },
    "parent": "ntorigins:wizard/spell_tree/spellcaster",
    "criteria": {
        "requirement": {
            "trigger": "minecraft:tick",
            "conditions": {
                "player": [
                    {
                        "condition": "minecraft:entity_properties",
                        "entity": "this",
                        "predicate": {
                            "type_specific": {
                                "type": "player"
                            }
                        }
                    }
                ]
            }
        }
    }
}