{
    "display": {
        "icon": {
            "item": "minecraft:bookshelf"
        },
        "title": "Current Study Level",
        "description": "Here is your current desire to head home and study.",
        "frame": "goal",
        "show_toast": false,
        "announce_to_chat": false
    },
    "parent": "ntorigins:wizard/spell_tree/4study/5study",
    "criteria": {
        "requirement": {
            "trigger": "minecraft:tick",
            "conditions": {
                "player": [
                    {
                        "condition": "minecraft:entity_properties",
                        "entity": "this",
                        "predicate": {
                            "type_specific": {
                                "type": "player"
                            }
                        }
                    }
                ]
            }
        }
    }
}
