{
    "display": {
        "icon": {
            "item": "minecraft:lectern"
        },
        "title": "Current Study Requirements - Arcane Researcher",
        "description": "You have expanded your study of the laws of magic to your own research, experimenting with various effects and instruments. You require 100 bookshelves, 5 enchanting tables, 20 brewing stands, 10 lecterns, 100 blocks of amethyst, 30 glowstone, 30 quartz, and 50 lapis blocks to study.",
        "frame": "task",
        "show_toast": true,
        "announce_to_chat": false,
        "hidden": false
    },
    "parent": "ntorigins:wizard/spell_tree/4study/study_requirements_3",
    "criteria": {
        "player": {
            "trigger": "minecraft:impossible"
        }
    }
}
