{
    "display": {
        "icon": {
            "item": "minecraft:bookshelf"
        },
        "title": "Current Study Level - Still More to Learn Out Here",
        "description": "This expedition has been fascinating, and you know there's more knowledge to be gained. Despite your lack of creature comforts, you feel you can press forth and gain more from this trip! Your mana will recharge 12 points per second, to a maximum of 600 mana.",
        "frame": "task",
        "show_toast": true,
        "announce_to_chat": false,
        "hidden": false
    },
    "parent": "ntorigins:wizard/spell_tree/4study/study_level_4",
    "criteria": {
        "requirement": {
            "trigger": "minecraft:impossible"
        }
    }
}
