{
    "display": {
        "icon": {
            "item": "minecraft:bookshelf"
        },
        "title": "Current Study Level - Homesick",
        "description": "You badly want to go home and read your books, compile your notes, and sleep in your own bed. Your mana will only recharge 2 points per second, to a maximum of 100 mana.",
        "frame": "task",
        "show_toast": true,
        "announce_to_chat": false,
        "hidden": false
    },
    "parent": "ntorigins:wizard/spell_tree/4study/current_study_level",
    "criteria": {
        "requirement": {
            "trigger": "minecraft:impossible"
        }
    }
}