{
    "display": {
        "icon": {
            "item": "minecraft:lectern"
        },
        "title": "Current Study Requirements - Student of Magic",
        "description": "You've been studying magic for some time, and developed a solid understanding of the fundamental forces of the world. You have started to collect various apparatus to continue your studies in-depth. You need 30 bookshelves, an enchanting table, a lectern, a brewing stand, and 3 blocks of amethyst to study.",
        "frame": "task",
        "show_toast": true,
        "announce_to_chat": false,
        "hidden": false
    },
    "parent": "ntorigins:wizard/spell_tree/4study/study_requirements_1",
    "criteria": {
        "player": {
            "trigger": "minecraft:impossible"
        }
    }
}
