{
    "display": {
        "icon": {
            "item": "minecraft:bookshelf"
        },
        "title": "Current Study Level - Tired of Field Research",
        "description": "You'd like to go home soon. You need to check your notes against some of the books in your library, and you miss your armchair. Your mana will only recharge 4 points per second, to a maximum of 200 mana.",
        "frame": "task",
        "show_toast": true,
        "announce_to_chat": false,
        "hidden": false
    },
    "parent": "ntorigins:wizard/spell_tree/4study/study_level_1",
    "criteria": {
        "requirement": {
            "trigger": "minecraft:impossible"
        }
    }
}
