{
    "display": {
        "icon": {
            "item": "minecraft:lectern"
        },
        "title": "Current Study Requirements - Mage Scholar",
        "description": "You are an adept at magical research, collecting tomes of knowledge and constructing magical accelerators at your study. You require 100 bookshelves, 3 enchanting tables, 10 brewing stands, 10 lecterns, and 100 blocks of amethyst to study.",
        "frame": "task",
        "show_toast": true,
        "announce_to_chat": false,
        "hidden": false
    },
    "parent": "ntorigins:wizard/spell_tree/4study/study_requirements_2",
    "criteria": {
        "player": {
            "trigger": "minecraft:impossible"
        }
    }
}
