{
    "type": "origins:multiple",
    "pillager_peace": {
        "type": "origins:action_over_time",
        "entity_action": {
            "type": "origins:execute_command",
            "command": "function ntorigins:pirate/friendly_pillagers"
        },
        "interval": 20
    },

    "pillager_team": {
        "type": "origins:action_on_callback",
        "entity_action_chosen": {
            "type": "origins:execute_command",
            "command": "team add PillagerAlly"
        },
        "entity_action_lost": {
            "type": "origins:execute_command",
            "command": "team leave PillagerAlly"
        },
        "execute_chosen_when_orb": true
    },
    "name": "\u00A7a\u00A7nHive of Scum and Villainy",
    "description": "Fellow criminals know better than to mess with you\n-illagers are passive toward you-"
}