{
    "type": "origins:multiple",
    "cannons": {
        "type": "origins:recipe",
        "recipe": {
            "id": "ntorigins:pirate/spud_gun",
            "type": "minecraft:crafting_shaped",
            "pattern": [
                "II ",
                "III",
                " LL"
            ],
            "key": {
                "I": {
                    "item": "minecraft:iron_block"
                },
                "L": {
                    "tag": "minecraft:logs"
                }
            },
            "result": {
                "item": "smallships:cannon"
            }
        }
    },
    "cannon_balls": {
        "type": "origins:recipe",
        "recipe": {
            "id": "ntorigins:pirate/spud",
            "type": "minecraft:crafting_shapeless",
            "ingredients": [
                {
                    "item": "minecraft:iron_ingot"
                },
                {
                    "item": "minecraft:iron_ingot"
                },
                {
                    "item": "minecraft:iron_ingot"
                },
                {
                    "item": "minecraft:gunpowder"
                }
            ],
            "result": {
                "item": "smallships:cannon_ball",
                "count": 2
            }
        }
    },
    "double_tnt_crafted": {
        "type": "origins:recipe",
        "recipe": {
            "id": "ntorigins:pirate/boom_boom",
            "type": "minecraft:crafting_shaped",
            "pattern": [
                "#@#",
                "@#@",
                "#@#"
            ],
            "key": {
                "#": {
                    "item": "minecraft:gunpowder"
                },
                "@": [
                    {
                        "item": "minecraft:sand"
                    },
                    {
                        "item": "minecraft:red_sand"
                    }
                ]
            },
            "result": {
                "item": "minecraft:tnt",
                "count": 2
            }
        }
    },
    "name": "\u00A7a\u00A7nTerror of the High Seas",
    "description": "Your vessels carry fearsome cannons, which are a threat to all who fail to surrender their booty\n-only pirates can craft cannons and cannonballs, plus double TNT when crafting-"
}