{
    "type": "origins:prevent_entity_use",
    "bientity_action": {
        "type": "origins:actor_action",
        "action": {
            "type": "origins:execute_command",
            "command": "title @s actionbar {\"text\": \"That be no sturdy ship, matey! Steer clear!\", \"color\": \"red\"}"
        }
    },
    "bientity_condition": {
        "type": "origins:target_condition",
        "condition": {
            "type": "origins:entity_type",
            "entity_type": "minecraft:horse"
        }
    },
    "name": "\u00A7c\u00A7nI Prefer Boats",
    "description": "You're not fond of riding things that have minds of their own.\n-you cannot ride horses-"
}