{
    "type": "origins:action_over_time",
    "interval": 5,
    "entity_action": {
        "type": "origins:area_of_effect",
        "radius": 15,
        "bientity_action": {
            "type": "origins:target_action",
            "action": {
                "type": "origins:set_on_fire",
                "duration": 10
            }
        },
        "bientity_condition": {
            "type": "origins:target_condition",
            "condition": {
                "type": "origins:in_tag",
                "tag": "Dragon_Burning"
            }
        }
    }
}