{
    "type": "origins:multiple",
    "villagers": {
        "type": "origins:prevent_entity_use",
        "bientity_condition": {
            "type": "origins:target_condition",
            "condition": {
                "type": "origins:entity_type",
                "entity_type": "minecraft:villager"
            }
        }
    },
    "golems": {
        "type": "origins:action_over_time",
        "entity_action": {
            "type": "origins:execute_command",
            "command": "function ntorigins:dragon/aggro_golems"
        },
        "interval": 20
    },
    "name": "\u00A7c\u00A7nFeared by Villagers",
    "description": "The villagers are too afraid of offending you to accept your bargains. Not that you'd relinquish any of your hoard for their puny goods anyways.\n-cannot trade with villagers. Also golems attack you.-"
}