{
    "type": "origins:action_over_time",
    "interval": 1200,
    "condition": {
        "type": "origins:block_in_radius",
        "block_condition": {
            "type": "origins:in_tag",
            "tag": "ntorigins:dragon_hoard"
        },
        "radius": 16
    },
    "entity_action": {
        "type": "origins:add_xp",
        "points": 1
    },
    "name": "\u00A7a\u00A7nGold Hoarder",
    "description": "Your magic increases the longer you stay among your hoarded wealth.\n-you slowly get passive XP if you are near something gold-"
}