{
    "name": "\u00A7c\u00A7nLoose Scales",
    "description": "You have trouble caring for the scales at your back, and they provide less effective protection (especially around your fragile wings).\n-take more damage from behind-",
    "type": "origins:modify_damage_taken",
    "bientity_condition": {
        "type": "origins:relative_rotation",
        "actor_rotation": "head",
        "target_rotation": "body",
        "comparison": ">",
        "compare_to": 0
    },
    "modifier": {
        "value": 0.35,
        "operation": "multiply_total"
    }
}