{
    "name": "\u00A7a\u00A7nWyrmsmith",
    "description": "Your fiery breath enables you to briefly fuel furnaces and other heating elements.\n-can use secondary to light furnaces, brewing stands, and campfires.-",
    "type": "origins:active_self",
    "cooldown": 80,
    "entity_action": {
        "type": "origins:and",
        "actions": [
            {
                "type": "origins:raycast",
                "distance": 16,
                "block_action": {
                    "type": "origins:and",
                    "actions": [
                        {
                            "type": "origins:modify_block_state",
                            "property": "lit",
                            "value": true
                        },
                        {
                            "type": "origins:if_else",
                            "condition": {
                                "type": "origins:block",
                                "block": "minecraft:brewing_stand"
                            },
                            "if_action": {
                                "type": "origins:execute_command",
                                "command": "data merge block ~ ~ ~ {Fuel:20}"
                            },
                            "else_action": {
                                "type": "origins:execute_command",
                                "command": "data merge block ~ ~ ~ {BurnTime:2400}"
                            }
                        }
                    ]
                },
                "command_at_hit": "data merge entity @e[type=minecraft:furnace_minecart,distance=0..2,limit=1] {Fuel:2400}"
            },
            {
                "type": "origins:swing_hand",
                "hand": "MAIN_HAND"
            },
            {
                "type": "origins:play_sound",
                "sound": "minecraft:entity.ender_dragon.shoot"
            },
            {
                "type": "origins:spawn_particles",
                "particle": "minecraft:flame",
                "count": 15
            }
        ]
    },
    "condition": {
        "type": "origins:raycast",
        "distance": 16,
        "block_condition": {
            "type": "origins:in_tag",
            "tag": "ntorigins:lightable"
        },
        "hit_bientity_condition": {
            "type": "origins:target_condition",
            "condition": {
                "type": "origins:entity_type",
                "entity_type": "minecraft:furnace_minecart"
            }
        }
    },
    "key": {
        "key": "key.origins.secondary_active",
        "continuous": false
    },
    "hud_render": {
        "should_render": true,
        "sprite_location": "origins:textures/gui/community/huang/resource_bar_02.png",
        "bar_index": 15
    }
}