{
    "powers": [
        "ntorigins:wizard/spellcasting/spellcasting",
        "ntorigins:wizard/spellcasting/spell_select",
        "ntorigins:wizard/spellcasting/craft_spellbook",
        "ntorigins:wizard/spellcasting/craft_staff",
        "ntorigins:wizard/spellcasting/mana",
        "ntorigins:wizard/spellcasting/use_mana_crystal",
        "ntorigins:wizard/magical_secrets",
        "ntorigins:wizard/in_tune_with_magic",
        "ntorigins:wizard/magical_fruit",
        "ntorigins:wizard/spellcasting/study",
        "ntorigins:wizard/unwarlike",
        "ntorigins:wizard/frail_scholar",
        "ntorigins:wizard/unused_to_manual_labor",
        "ntorigins:wizard/spellcasting/cantrips/orb_of_frost",
        "ntorigins:wizard/spellcasting/cantrips/fire_bolt",
        "ntorigins:wizard/spellcasting/cantrips/mage_armor",
        "ntorigins:wizard/spellcasting/spells/air/leap",
        "ntorigins:wizard/spellcasting/spells/air/reflect_missiles",
        "ntorigins:wizard/spellcasting/spells/air/far_step",
        "ntorigins:wizard/spellcasting/spells/air/fly",
        "ntorigins:wizard/spellcasting/spells/earth/shockwave",
        "ntorigins:wizard/spellcasting/spells/earth/meld_into_earth",
        "ntorigins:wizard/spellcasting/spells/fire/fireball",
        "ntorigins:wizard/spellcasting/spells/fire/fire_shield",
        "ntorigins:wizard/spellcasting/spells/fire/dragons_wrath",
        "ntorigins:wizard/spellcasting/spells/fire/banish_to_hell",
        "ntorigins:wizard/spellcasting/spells/ice/permafrost",
        "ntorigins:wizard/spellcasting/spells/ice/wall_of_ice",
        "ntorigins:wizard/spellcasting/spells/lightning/magic_missile",
        "ntorigins:wizard/spellcasting/spells/lightning/faerie_fire",
        "ntorigins:wizard/spellcasting/spells/lightning/lightning_bolt",
        "ntorigins:wizard/spellcasting/spells/lightning/lightning_cage",
        "ntorigins:wizard/spellcasting/rituals/matter/fuel_brewing",
        "ntorigins:wizard/spellcasting/rituals/matter/enchant_item",
        "ntorigins:wizard/spellcasting/rituals/matter/alchemy",
        "ntorigins:wizard/spellcasting/rituals/matter/summon",
        "ntorigins:wizard/spellcasting/rituals/dimensions/extradimensional_chest",
        "ntorigins:wizard/spellcasting/rituals/dimensions/impossible_harvest",
        "ntorigins:wizard/spellcasting/rituals/dimensions/plane_shift",
        "ntorigins:wizard/spellcasting/rituals/dimensions/teleportation_circle",
        "ntorigins:wizard/spellcasting/rituals/epic/conjure_thunderstorm",
        "ntorigins:tnt_crafting",
        "ntorigins:craft_mana_crystal"
    ],
    "icon": "minecraft:enchanting_table",
    "impact": 3,
    "order": 1,
    "name": "Wizard",
    "description": "Wizards are no different from ordinary folk, except that they value knowledge above all else. Their focus on learning has allowed them to ferret out the secrets of the magical forces pervading this world, and as they accumulate more knowledge, they become more and more able to manipulate those forces into powerful spells. Their studies, however, render them physically frail and weak, and they dislike being away from their comfortable libraries for too long. Spells take significant adventuring to discover, but a wizard will need to head home to recharge their powers before they can set out again."
}