{
    "display": {
        "icon": {
            "item": "minecraft:dragon_breath",
            "nbt": "{Enchantments:[{}]}"
        },
        "title": "Dragon's Wrath",
        "description": "test",
        "frame": "task",
        "announce_to_chat": false
    },
    "parent": "ntorigins:wizard/spell_tree/2spells/fire/fire_shield",
    "criteria": {
        "kill_ender_dragon": {
            "trigger": "minecraft:tick",
            "conditions": {
                "player": [
                    {
                        "condition": "minecraft:reference",
                        "name": "ntorigins:wizard"
                    },
                    {
                        "condition": "minecraft:entity_properties",
                        "entity": "this",
                        "predicate": {
                            "type": "minecraft:player",
                            "type_specific": {
                                "type": "player",
                                "advancements": {
                                    "minecraft:end/kill_dragon": true,
                                    "ntorigins:wizard/spell_tree/2spells/3craft_staff": true,
                                    "ntorigins:wizard/spell_tree/2spells/fire/fire_shield": true
                                }
                            }
                        }
                    }
                ]
            }
        }
    }
}
