{
    "display": {
        "icon": {
            "item": "minecraft:blaze_powder",
            "nbt": "{Enchantments:[{}]}"
        },
        "title": "Fireball",
        "description": "test",
        "frame": "task",
        "announce_to_chat": false
    },
    "parent": "ntorigins:wizard/spell_tree/2spells/fire/magic_of_fire",
    "criteria": {
        "kill_10_ghasts": {
            "trigger": "minecraft:tick",
            "conditions": {
                "player": [
                    {
                        "condition": "minecraft:reference",
                        "name": "ntorigins:wizard"
                    },
                    {
                        "condition": "minecraft:entity_properties",
                        "entity": "this",
                        "predicate": {
                            "type": "minecraft:player",
                            "type_specific": {
                                "type": "player",
                                "advancements": {
                                    "ntorigins:wizard/spell_tree/spells/2fire/magic_of_fire": true
                                },
                                "stats": [
                                    {
                                        "type": "minecraft:killed",
                                        "stat": "minecraft:ghast",
                                        "value": {
                                            "min": 10
                                        }
                                    }
                                ]
                            }
                        }
                    }
                ]
            }
        }
    }
}
