{
    "display": {
        "icon": {
            "item": "minecraft:shield",
            "nbt": "{Enchantments:[{}]}"
        },
        "title": "Fire Shield",
        "description": "test",
        "frame": "task",
        "announce_to_chat": false
    },
    "parent": "ntorigins:wizard/spell_tree/2spells/fire/fireball",
    "criteria": {
        "kill_blaze_in_lava": {
            "trigger": "minecraft:player_killed_entity",
            "conditions": {
                "player": [
                    {
                        "condition": "minecraft:reference",
                        "name": "ntorigins:wizard"
                    },
                    {
                        "condition": "minecraft:location_check",
                        "predicate": {
                            "fluid": {
                                "fluid": "minecraft:lava"
                            }
                        }
                    },
                    {
                        "condition": "minecraft:entity_properties",
                        "entity": "this",
                        "predicate": {
                            "type": "minecraft:player",
                            "type_specific": {
                                "type": "player",
                                "advancements": {
                                    "ntorigins:wizard/spell_tree/2spells/fire/fireball": true
                                }
                            }
                        }
                    }
                ],
                "entity": [
                    {
                        "condition": "minecraft:entity_properties",
                        "entity": "this",
                        "predicate": {
                            "type": "minecraft:blaze"
                        }
                    }
                ]
            }
        }
    }
}
