{
    "display": {
        "icon": {
            "item": "minecraft:campfire",
            "nbt": "{Enchantments:[{}]}"
        },
        "title": "Magic of Fire",
        "description": "You have learned the fundamental magical essence of fire, and can now channel it into magical spells.",
        "frame": "goal",
        "announce_to_chat": false,
        "hidden": true
    },
    "parent": "ntorigins:wizard/spell_tree/2spells/2craft_spellbook",
    "criteria": {
        "crafted_book": {
            "trigger": "minecraft:tick",
            "conditions": {
                "player": [
                    {
                        "condition": "minecraft:reference",
                        "name": "ntorigins:wizard"
                    },
                    {
                        "condition": "minecraft:entity_properties",
                        "entity": "this",
                        "predicate": {
                            "type": "minecraft:player",
                            "type_specific": {
                                "type": "player",
                                "advancements": {
                                    "ntorigins:wizard/spell_tree/2spells/2craft_spellbook": true
                                }
                            }
                        }
                    }
                ]
            }
        }
    }
}