{
    "display": {
        "icon": {
            "item": "minecraft:string"
        },
        "title": "Spacer",
        "description": "Just to give you some reading room...",
        "frame": "goal",
        "announce_to_chat": false
    },
    "parent": "ntorigins:wizard/spell_tree/spellcaster",
    "criteria": {
        "requirement": {
            "trigger": "minecraft:tick",
            "conditions": {
                "player": [
                    {
                        "condition": "minecraft:reference",
                        "name": "ntorigins:wizard"
                    }
                ]
            }
        }
    }
}
