{
    "display": {
        "icon": {
            "item": "minecraft:amethyst_cluster",
            "nbt": "{Enchantments:[{}]}"
        },
        "title": "Opus Magicae",
        "description": "You have achieved the pinnacle of magical understanding, and nothing can stand against the magical might you can bring to bear with the proper preparation to apply your skill.",
        "frame": "challenge",
        "announce_to_chat": false,
        "hidden": true
    },
    "parent": "ntorigins:wizard/spell_tree/3rituals/4rituals",
    "criteria": {
        "mastered_all_magic": {
            "trigger": "minecraft:tick",
            "conditions": {
                "player": [
                    {
                        "condition": "minecraft:reference",
                        "name": "ntorigins:wizard"
                    },
                    {
                        "condition": "minecraft:entity_properties",
                        "entity": "this",
                        "predicate": {
                            "type": "minecraft:player",
                            "type_specific": {
                                "type": "player",
                                "advancements": {
                                    "ntorigins:wizard/spell_tree/3rituals/1matter/mastery_of_matter": true,
                                    "ntorigins:wizard/spell_tree/3rituals/2dimensions/mastery_of_dimensions": true
                                }
                            }
                        }
                    }
                ]
            }
        }
    }
}
