{
    "display": {
        "icon": {
            "item": "minecraft:nether_star",
            "nbt": "{Enchantments:[{}]}"
        },
        "title": "Conjure Thunderstorm",
        "description": "test",
        "frame": "challenge",
        "announce_to_chat": false
    },
    "parent": "ntorigins:wizard/spell_tree/3rituals/3epic/3opus_magicae",
    "criteria": {
        "slay_the_warden": {
            "trigger": "minecraft:player_killed_entity",
            "conditions": {
                "player": [
                    {
                        "condition": "minecraft:reference",
                        "name": "ntorigins:wizard"
                    }
                ],
                "entity": [
                    {
                        "condition": "minecraft:entity_properties",
                        "entity": "this",
                        "predicate": {
                            "type": "minecraft:warden"
                        }
                    }
                ]
            }
        }
    }
}