{
    "display": {
        "icon": {
            "item": "minecraft:lightning_rod",
            "nbt": "{Enchantments:[{}]}"
        },
        "title": "Lightning Bolt",
        "description": "test",
        "frame": "task",
        "announce_to_chat": false
    },
    "parent": "ntorigins:wizard/spell_tree/2spells/lightning/faerie_fire",
    "criteria": {
        "bottle_lightning": {
            "trigger": "minecraft:lightning_strike",
            "conditions": {
                "player": [
                    {
                        "condition": "minecraft:reference",
                        "name": "ntorigins:wizard"
                    },
                    {
                        "condition": "minecraft:entity_properties",
                        "entity": "this",
                        "predicate": {
                            "type": "minecraft:player",
                            "type_specific": {
                                "type": "player",
                                "advancements": {
                                    "ntorigins:wizard/spell_tree/2spells/3craft_staff": true,
                                    "ntorigins:wizard/spell_tree/2spells/lightning/faerie_fire": true
                                }
                            },
                            "equipment": {
                                "mainhand": {
                                    "items": [
                                        "minecraft:glass_bottle"
                                    ]
                                }
                            }
                        }
                    }
                ],
                "lightning": [
                    {
                        "condition": "minecraft:entity_properties",
                        "entity": "this",
                        "predicate": {
                            "distance": {
                                "absolute": {
                                    "min": 0,
                                    "max": 2
                                }
                            }
                        }
                    }
                ]
            }
        }
    }
}
