{
    "display": {
        "icon": {
            "item": "minecraft:tipped_arrow",
            "nbt": "{Enchantments:[{}]}"
        },
        "title": "Magic Missile Upgrade I",
        "description": "test",
        "frame": "task",
        "announce_to_chat": false
    },
    "parent": "ntorigins:wizard/spell_tree/2spells/lightning/magic_missile_upgrades",
    "criteria": {
        "kill_20_skeletons": {
            "trigger": "minecraft:tick",
            "conditions": {
                "player": [
                    {
                        "condition": "minecraft:reference",
                        "name": "ntorigins:wizard"
                    },
                    {
                        "condition": "minecraft:entity_properties",
                        "entity": "this",
                        "predicate": {
                            "type": "minecraft:player",
                            "type_specific": {
                                "type": "player",
                                "advancements": {
                                    "ntorigins:wizard/spell_tree/2spells/lightning/magic_missile_upgrades": true
                                },
                                "stats": [
                                    {
                                        "type": "minecraft:killed",
                                        "stat": "minecraft:skeleton",
                                        "value": {
                                            "min": 20
                                        }
                                    }
                                ]
                            }
                        }
                    }
                ]
            }
        }
    }
}
