{
    "display": {
        "icon": {
            "item": "minecraft:enchanting_table"
        },
        "title": "Enchant Item",
        "description": "test",
        "frame": "task",
        "announce_to_chat": false
    },
    "parent": "ntorigins:wizard/spell_tree/3rituals/1matter/fuel_brewing",
    "criteria": {
        "enchant_netherite_hoe": {
            "trigger": "minecraft:enchanted_item",
            "conditions": {
                "player": [
                    {
                        "condition": "minecraft:reference",
                        "name": "ntorigins:wizard"
                    },
                    {
                        "condition": "minecraft:entity_properties",
                        "entity": "this",
                        "predicate": {
                            "type": "minecraft:player",
                            "type_specific": {
                                "type": "player",
                                "advancements": {
                                    "ntorigins:wizard/spell_tree/3rituals/1matter/fuel_brewing": true
                                }
                            }
                        }
                    }
                ],
                "item": {
                    "items": [
                        "minecraft:netherite_hoe"
                    ]
                }
            }
        }
    }
}
