{
    "display": {
        "icon": {
            "item": "minecraft:potion",
            "nbt": "{Potion:\"minecraft:swiftness\"}"
        },
        "title": "Fuel Brewing",
        "description": "test",
        "frame": "task",
        "announce_to_chat": false
    },
    "parent": "ntorigins:wizard/spell_tree/3rituals/1matter/1path_of_matter",
    "criteria": {
        "brew_fire_resistance_potion": {
            "trigger": "minecraft:inventory_changed",
            "conditions": {
                "player": [
                    {
                        "condition": "minecraft:reference",
                        "name": "ntorigins:wizard"
                    },
                    {
                        "condition": "minecraft:entity_properties",
                        "entity": "this",
                        "predicate": {
                            "type": "minecraft:player",
                            "type_specific": {
                                "type": "player",
                                "advancements": {
                                    "ntorigins:wizard/spell_tree/3rituals/1matter/1path_of_matter": true
                                }
                            }
                        }
                    }
                ],
                "items": [
                    {
                        "items": [
                            "minecraft:potion",
                            "minecraft:splash_potion",
                            "minecraft:lingering_potion"
                        ],
                        "potion": "minecraft:fire_resistance"
                    }
                ]
            }
        },
        "brew_harming_potion": {
            "trigger": "minecraft:inventory_changed",
            "conditions": {
                "player": [
                    {
                        "condition": "minecraft:reference",
                        "name": "ntorigins:wizard"
                    }
                ],
                "items": [
                    {
                        "items": [
                            "minecraft:potion",
                            "minecraft:splash_potion",
                            "minecraft:lingering_potion"
                        ],
                        "potion": "minecraft:harming"
                    }
                ]
            }
        },
        "brew_healing_potion": {
            "trigger": "minecraft:inventory_changed",
            "conditions": {
                "player": [
                    {
                        "condition": "minecraft:reference",
                        "name": "ntorigins:wizard"
                    }
                ],
                "items": [
                    {
                        "items": [
                            "minecraft:potion",
                            "minecraft:splash_potion",
                            "minecraft:lingering_potion"
                        ],
                        "potion": "minecraft:healing"
                    }
                ]
            }
        },
        "brew_invisibility_potion": {
            "trigger": "minecraft:inventory_changed",
            "conditions": {
                "player": [
                    {
                        "condition": "minecraft:reference",
                        "name": "ntorigins:wizard"
                    }
                ],
                "items": [
                    {
                        "items": [
                            "minecraft:potion",
                            "minecraft:splash_potion",
                            "minecraft:lingering_potion"
                        ],
                        "potion": "minecraft:invisibility"
                    }
                ]
            }
        },
        "brew_leaping_potion": {
            "trigger": "minecraft:inventory_changed",
            "conditions": {
                "player": [
                    {
                        "condition": "minecraft:reference",
                        "name": "ntorigins:wizard"
                    }
                ],
                "items": [
                    {
                        "items": [
                            "minecraft:potion",
                            "minecraft:splash_potion",
                            "minecraft:lingering_potion"
                        ],
                        "potion": "minecraft:leaping"
                    }
                ]
            }
        },
        "brew_night_vision_potion": {
            "trigger": "minecraft:inventory_changed",
            "conditions": {
                "player": [
                    {
                        "condition": "minecraft:reference",
                        "name": "ntorigins:wizard"
                    }
                ],
                "items": [
                    {
                        "items": [
                            "minecraft:potion",
                            "minecraft:splash_potion",
                            "minecraft:lingering_potion"
                        ],
                        "potion": "minecraft:night_vision"
                    }
                ]
            }
        },
        "brew_poison_potion": {
            "trigger": "minecraft:inventory_changed",
            "conditions": {
                "player": [
                    {
                        "condition": "minecraft:reference",
                        "name": "ntorigins:wizard"
                    }
                ],
                "items": [
                    {
                        "items": [
                            "minecraft:potion",
                            "minecraft:splash_potion",
                            "minecraft:lingering_potion"
                        ],
                        "potion": "minecraft:poison"
                    }
                ]
            }
        },
        "brew_regeneration_potion": {
            "trigger": "minecraft:inventory_changed",
            "conditions": {
                "player": [
                    {
                        "condition": "minecraft:reference",
                        "name": "ntorigins:wizard"
                    }
                ],
                "items": [
                    {
                        "items": [
                            "minecraft:potion",
                            "minecraft:splash_potion",
                            "minecraft:lingering_potion"
                        ],
                        "potion": "minecraft:regeneration"
                    }
                ]
            }
        },
        "brew_slow_falling_potion": {
            "trigger": "minecraft:inventory_changed",
            "conditions": {
                "player": [
                    {
                        "condition": "minecraft:reference",
                        "name": "ntorigins:wizard"
                    }
                ],
                "items": [
                    {
                        "items": [
                            "minecraft:potion",
                            "minecraft:splash_potion",
                            "minecraft:lingering_potion"
                        ],
                        "potion": "minecraft:slow_falling"
                    }
                ]
            }
        },
        "brew_slowness_potion": {
            "trigger": "minecraft:inventory_changed",
            "conditions": {
                "player": [
                    {
                        "condition": "minecraft:reference",
                        "name": "ntorigins:wizard"
                    }
                ],
                "items": [
                    {
                        "items": [
                            "minecraft:potion",
                            "minecraft:splash_potion",
                            "minecraft:lingering_potion"
                        ],
                        "potion": "minecraft:slowness"
                    }
                ]
            }
        },
        "brew_strength_potion": {
            "trigger": "minecraft:inventory_changed",
            "conditions": {
                "player": [
                    {
                        "condition": "minecraft:reference",
                        "name": "ntorigins:wizard"
                    }
                ],
                "items": [
                    {
                        "items": [
                            "minecraft:potion",
                            "minecraft:splash_potion",
                            "minecraft:lingering_potion"
                        ],
                        "potion": "minecraft:strength"
                    }
                ]
            }
        },
        "brew_swiftness_potion": {
            "trigger": "minecraft:inventory_changed",
            "conditions": {
                "player": [
                    {
                        "condition": "minecraft:reference",
                        "name": "ntorigins:wizard"
                    }
                ],
                "items": [
                    {
                        "items": [
                            "minecraft:potion",
                            "minecraft:splash_potion",
                            "minecraft:lingering_potion"
                        ],
                        "potion": "minecraft:swiftness"
                    }
                ]
            }
        },
        "brew_turtle_potion": {
            "trigger": "minecraft:inventory_changed",
            "conditions": {
                "player": [
                    {
                        "condition": "minecraft:reference",
                        "name": "ntorigins:wizard"
                    }
                ],
                "items": [
                    {
                        "items": [
                            "minecraft:potion",
                            "minecraft:splash_potion",
                            "minecraft:lingering_potion"
                        ],
                        "potion": "minecraft:turtle_master"
                    }
                ]
            }
        },
        "brew_water_breathing_potion": {
            "trigger": "minecraft:inventory_changed",
            "conditions": {
                "player": [
                    {
                        "condition": "minecraft:reference",
                        "name": "ntorigins:wizard"
                    }
                ],
                "items": [
                    {
                        "items": [
                            "minecraft:potion",
                            "minecraft:splash_potion",
                            "minecraft:lingering_potion"
                        ],
                        "potion": "minecraft:water_breathing"
                    }
                ]
            }
        },
        "brew_weakness_potion": {
            "trigger": "minecraft:inventory_changed",
            "conditions": {
                "player": [
                    {
                        "condition": "minecraft:reference",
                        "name": "ntorigins:wizard"
                    }
                ],
                "items": [
                    {
                        "items": [
                            "minecraft:potion",
                            "minecraft:splash_potion",
                            "minecraft:lingering_potion"
                        ],
                        "potion": "minecraft:weakness"
                    }
                ]
            }
        }
    }
}
