{
    "hidden": true,
    "type": "origins:fire_projectile",
    "entity_type": "minecraft:small_fireball",
    "count": 1,
    "speed": 1,
    "sound": "entity.blaze.shoot",
    "cooldown": 30,
    "hud_render": {
        "should_render": false
    },
    "key": {
        "key": "key.saveToolbarActivator"
    },
    "condition": {
        "type": "origins:and",
        "conditions": [
            {
                "type": "origins:advancement",
                "advancement": "ntorigins:wizard/spell_tree/1cantrips/fire_bolt"
            },
            {
                "type": "origins:origin",
                "origin": "ntorigins:wizard"
            }
        ]
    }
}