{
    "type": "origins:recipe",
    "recipe": {
        "id": "ntorigins:boom",
        "type": "minecraft:crafting_shaped",
        "pattern": [
            "#@#",
            "@#@",
            "#@#"
        ],
        "key": {
            "#": {
                "item": "minecraft:gunpowder"
            },
            "@": [
                {
                    "item": "minecraft:sand"
                },
                {
                    "item": "minecraft:red_sand"
                }
            ]
        },
        "result": {
            "item": "minecraft:tnt"
        }
    },
    "hidden": true
}