{
    "display": {
        "icon": {
            "item": "minecraft:ender_pearl",
            "nbt": "{Enchantments:[{}]}"
        },
        "title": "Far Step",
        "description": "test",
        "frame": "task",
        "announce_to_chat": false
    },
    "parent": "ntorigins:wizard/spell_tree/2spells/air/reflect_missiles",
    "criteria": {
        "use_100_ender_pearls": {
            "trigger": "minecraft:tick",
            "conditions": {
                "player": [
                    {
                        "condition": "minecraft:entity_properties",
                        "entity": "this",
                        "predicate": {
                            "type": "minecraft:player",
                            "type_specific": {
                                "type": "player",
                                "advancements": {
                                    "ntorigins:wizard/spell_tree/2spells/3craft_staff": true,
                                    "ntorigins:wizard/spell_tree/2spells/air/reflect_missiles": true
                                },
                                "stats": [
                                    {
                                        "type": "minecraft:used",
                                        "stat": "minecraft:ender_pearl",
                                        "value": {
                                            "min": 100
                                        }
                                    }
                                ]
                            }
                        }
                    },
                    {
                        "condition": "minecraft:reference",
                        "name": "ntorigins:wizard"
                    }
                ]
            }
        }
    }
}
