{
    "type": "origins:active_self",
    "entity_action": {
        "type": "origins:and",
        "actions": [
            {
                "type": "origins:add_velocity",
                "z": 2,
                "space": "local"
            },
            {
                "type": "origins:play_sound",
                "sound": "minecraft:entity.illusioner.cast_spell"
            },
            {
                "type": "origins:spawn_particles",
                "particle": "minecraft:cloud",
                "count": 150,
                "speed": 0,
                "delta": {
                    "x": 1.0,
                    "y": 0.5,
                    "z": 1.0
                },
                "offset_y": 1.0
            },
            {
                "type": "origins:change_resource",
                "resource": "ntorigins:wizard/spellcasting/mana_pool",
                "change": -20,
                "operation": "add"
            }

        ]
    },
    "condition": {
        "type": "origins:and",
        "conditions": [
            {
                "type": "origins:advancement",
                "advancement": "ntorigins:wizard/spell_tree/2spells/air/leap"
            },
            {
                "type": "origins:resource",
                "resource": "ntorigins:wizard/spellcasting/spell_select_spell_school_resource",
                "comparison": "==",
                "compare_to": 1
            },
            {
                "inverted": true,
                "type": "origins:power_active",
                "power": "ntorigins:wizard/spellcasting/spell_select_staff_toggle"
            },
            {
                "inverted": true,
                "type": "origins:power_active",
                "power": "ntorigins:wizard/spellcasting/spell_select_spell_select"
            },
            {
                "type": "origins:resource",
                "resource": "ntorigins:wizard/spellcasting/mana_pool",
                "comparison": ">=",
                "compare_to": 20
            }
        ]
    },
    "cooldown": 50,
    "hud_render": {
        "should_render": true,
        "sprite_location": "origins:textures/gui/community/huang/resource_bar_01.png",
        "bar_index": 20
    },
    "key": {
        "key": "key.origins.quinary_active"
    },
    "hidden": true
}