{
	"type": "origins:multiple",
	"right_clicks": {
		"type": "origins:prevent_item_use",
		"item_condition": {
			"type": "origins:ingredient",
			"ingredient": {
				"tag": "ntorigins:bows"
			}
		}
	},
	"left_clicks": {
		"type": "origins:modify_damage_dealt",
		"damage_condition": {
			"type": "origins:attacker",
			"entity_condition": {
				"type": "origins:equipped_item",
				"equipment_slot": "mainhand",
				"item_condition": {
					"type": "origins:ingredient",
					"ingredient": {
						"tag": "ntorigins:naga_no_weapons"
					}
				}
			}
		},
		"modifier": {
			"operation": "addition",
			"value": -20.0
		}
	},
	"armor": {
		"type": "origins:restrict_armor",
		"head": {
			"type": "origins:ingredient",
			"ingredient": {
				"tag": "ntorigins:naga_no_armor"
			}
		},
		"chest": {
			"type": "origins:ingredient",
			"ingredient": {
				"tag": "ntorigins:naga_no_armor"
			}
		},
		"legs": {
			"type": "origins:ingredient",
			"ingredient": {
				"tag": "ntorigins:naga_no_armor"
			}
		},
		"feet": {
			"type": "origins:ingredient",
			"ingredient": {
				"tag": "ntorigins:naga_no_armor"
			}
		}
	},
	"name": "\u00A7c\u00A7nUnused to Warfare",
	"description": "Your land is rarely troubled by monsters, and your people do not fight except to hunt. You do not know how to use most weapons and armor.\n-can only use leather armor and tridents-"
}