{
    "display": {
        "icon": {
            "item": "minecraft:snow_block",
            "nbt": "{Enchantments:[{}]}"
        },
        "title": "Permafrost",
        "description": "test",
        "frame": "task",
        "announce_to_chat": false
    },
    "parent": "ntorigins:wizard/spell_tree/2spells/ice/magic_of_ice",
    "criteria": {
        "collect_powder_snow": {
            "trigger": "minecraft:inventory_changed",
            "conditions": {
                "player": [
                    {
                        "condition": "minecraft:reference",
                        "name": "ntorigins:wizard"
                    },
                    {
                        "condition": "minecraft:entity_properties",
                        "entity": "this",
                        "predicate": {
                            "type": "minecraft:player",
                            "type_specific": {
                                "type": "player",
                                "advancements": {
                                    "ntorigins:wizard/spell_tree/2spells/ice/magic_of_ice": true
                                }
                            }
                        }
                    }
                ],
                "items": [
                    {
                        "items": [
                            "minecraft:powder_snow_bucket"
                        ]
                    }
                ]
            }
        }
    }
}
