{
    "display": {
        "icon": {
            "item": "minecraft:blue_ice",
            "nbt": "{Enchantments:[{}]}"
        },
        "title": "Wall of Ice",
        "description": "test",
        "frame": "task",
        "announce_to_chat": false
    },
    "parent": "ntorigins:wizard/spell_tree/2spells/ice/permafrost",
    "criteria": {
        "collect_blue_ice": {
            "trigger": "minecraft:inventory_changed",
            "conditions": {
                "player": [
                    {
                        "condition": "minecraft:reference",
                        "name": "ntorigins:wizard"
                    },
                    {
                        "condition": "minecraft:entity_properties",
                        "entity": "this",
                        "predicate": {
                            "type": "minecraft:player",
                            "type_specific": {
                                "type": "player",
                                "advancements": {
                                    "ntorigins:wizard/spell_tree/2spells/3craft_staff": true,
                                    "ntorigins:wizard/spell_tree/2spells/ice/permafrost": true
                                }
                            }
                        }
                    }
                ],
                "items": [
                    {
                        "items": [
                            "minecraft:blue_ice"
                        ],
                        "count": {
                            "min": 64
                        }
                    }
                ]
            }
        }
    }
}
