{
	"type": "origins:modify_damage_dealt",
	"damage_condition": {
		"type": "origins:attacker",
		"entity_condition": {
			"type": "origins:equipped_item",
			"equipment_slot": "mainhand",
			"item_condition": {
				"type": "origins:ingredient",
				"ingredient": [
					{
						"item": "minecraft:netherite_axe"
					},
					{
						"item": "minecraft:diamond_axe"
					},
					{
						"item": "minecraft:iron_axe"
					},
					{
						"item": "minecraft:golden_axe"
					},
					{
						"item": "minecraft:stone_axe"
					},
					{
						"item": "minecraft:wooden_axe"
					}
				]
			}
		}
	},
	"modifier": {
		"operation": "addition",
		"value": -20.0
	},
	"name": "\u00A7c\u00A7nPointy-eared Sensibilities",
	"description": "You prefer more cultured weapons, and cannot use axes.\n-cannot attack with axes-"
}