{
    "type": "origins:multiple",
    "spell_active": {
        "type": "origins:resource",
        "min": 0,
        "max": DURATION+1,
        "hud_render": {
            "should_render": false
        },
        "start_value": 0
    },
    "spell_cast": {
        "type": "active_self",
        "entity_action": {
            "type": "origins:and",
            "actions": [
                {
                    "type": "origins:modify_resource",
                    "modifier": {
                        "operation": "set_total",
                        "value": 1
                    },
                    "resource": "ntorigins:wizard/spells/PLACEHOLDER_spell_active"
                },
                {
                    "type": "origins:modify_resource",
                    "modifier": {
                        "operation": "add_base_late",
                        "value": -MANA-COST
                    },
                    "resource": "ntorigins:wizard/mana_pool_resource"
                }
            ]
        },
        "key": {
            "key": ""
        },
        "condition": {
            "type": "origins:and",
            "conditions": [
                {
                    "type": "origins:resource",
                    "resource": "ntorigins:wizard/spells/mana_pool_resource",
                    "comparison": ">",
                    "compare_to": MANA-COST-1
                },
                {
                    SPELL SET TO THIS
                }
            ]
        }
    },
    "spell_duration": {
        "type": "origins:action_over_time",
        "interval": 20,
        "condition": {
            "type": "origins:and",
            "conditions": [
                {
                    "type": "origins:resource",
                    "resource": "ntorigins:wizard/spells/PLACEHOLDER_spell_active",
                    "comparison": ">",
                    "compare_to": 0
                },
                {
                    "type": "origins:resource",
                    "resource": "ntorigins:wizard/spells/PLACEHOLDER_spell_active",
                    "comparison": "<",
                    "compare_to": DURATION+1
                }
            ]
        },
        "entity_action": {
            "type": "origins:modify_resource",
            "modifier": {
                "operation": "add_base_late",
                "value": 1
            },
            "resource": "ntorigins:wizard/spells/PLACEHOLDER_spell_active"
        },
        "falling_action": {
            "type": "origins:modify_resource",
            "modifier": {
                "operation": "set_total",
                "value": 0
            },
            "resource": "ntorigins:wizard/spells/PLACEHOLDER_spell_active"
        }
    },
    "spell_ability": {
        "type": "origins:",
        
        "hidden": true,
        "condition": {
            "type": "origins:and",
            "conditions": [
                {
                    "type": "origins:resource",
                    "resource": "ntorigins:wizard/spells/PLACEHOLDER_spell_active",
                    "comparison": ">",
                    "compare_to": 0
                },
                {
                    "type": "origins:resource",
                    "resource": "ntorigins:wizard/spells/PLACEHOLDER_spell_active",
                    "comparison": "<",
                    "compare_to": DURATION+1
                }
            ]
        }
    }
}