{
    "name": "\u00A7b\u00A7nMana",
    "description": "Your spells cost magical energy to cast, which recharges over time.",
    "type": "origins:multiple",
    "pool": {
        "type": "origins:resource",
        "min": 0,
        "max": 1000,
        "hud_render": {
            "sprite_location": "origins:textures/gui/community/huang/resource_bar_01.png",
            "bar_index": 0,
            "should_render": true
        },
        "start_value": 100,
        "min_action": {
            "type": "origins:play_sound",
            "sound": "minecraft:entity.enderman.death",
            "volume": 0.0625
        },
        "max_action": {
            "type": "origins:play_sound",
            "sound": "minecraft:entity.enderman.death",
            "volume": 0.0625
        }
    },
    "pool_recharge": {
        "type": "origins:action_over_time",
        "entity_action": {
            "type": "origins:change_resource",
            "resource": "ntorigins:wizard/spellcasting/mana_pool",
            "change": 1,
            "operation": "add"
        },
        "interval": 20,
        "condition": {
            "type": "origins:or",
            "conditions": [
                {
                    "type": "origins:and",
                    "conditions": [
                        {
                            "type": "origins:resource",
                            "resource": "ntorigins:wizard/spellcasting/mana_pool",
                            "comparison": "<",
                            "compare_to": 100
                        },
                        {
                            "type": "origins:resource",
                            "resource": "ntorigins:wizard/spellcasting/study_meter",
                            "comparison": ">",
                            "compare_to": 99
                        }
                    ]
                },
                {
                    "type": "origins:and",
                    "conditions": [
                        {
                            "type": "origins:resource",
                            "resource": "ntorigins:wizard/spellcasting/mana_pool",
                            "comparison": "<",
                            "compare_to": 500
                        },
                        {
                            "type": "origins:resource",
                            "resource": "ntorigins:wizard/spellcasting/study_meter",
                            "comparison": ">",
                            "compare_to": 499
                        }
                    ]
                },
                {
                    "type": "origins:and",
                    "conditions": [
                        {
                            "type": "origins:resource",
                            "resource": "ntorigins:wizard/spellcasting/mana_pool",
                            "comparison": "<",
                            "compare_to": 1000
                        },
                        {
                            "type": "origins:resource",
                            "resource": "ntorigins:wizard/spellcasting/study_meter",
                            "comparison": ">",
                            "compare_to": 999
                        }
                    ]
                }
            ]
        }
    }
}