{
    "type": "origins_multiple",
    "name": "\u00A7c\u00A7nComforts of Home",
    "description": "As a shut-in scholar, you prefer to spend your time at home, among your things, studying and relaxing. The longer you spend out exploring and adventuring, the more you long for the comforts of home.",
    "meter": {
        "type": "origins:resource",
        "min": 0,
        "max": 1000,
        "hud_render": {
            "sprite_location": "origins:textures/gui/community/spiderkolo/resource_bar_03.png",
            "bar_index": 23,
            "should_render": true
        },
        "start_value": 100
    },
    "recharge": {
        "type": "origins:action_over_time",
        "entity_action": {
            "type": "origins:change_resource",
            "resource": "ntorigins:wizard/spellcasting/study_meter",
            "change": 1,
            "operation": "add"
        },
        "interval": 20,
        "condition": {
            "type": "origins:block_in_radius",
            "block_condition": {
                "type": "origins:block",
                "tag": "minecraft:bookshelf"
            },
            "radius": 5,
            "shape": "cube",
            "comparison": ">=",
            "compare_to": 4
        }
    },
    "discharge": {
        "type": "origins:action_over_time",
        "entity_action": {
            "type": "origins:change_resource",
            "resource": "ntorigins:wizard/spellcasting/study_meter",
            "change": -1,
            "operation": "add"
        },
        "interval": 20,
        "condition": {
            "inverted": true,
            "type": "origins:block_in_radius",
            "block_condition": {
                "type": "origins:block",
                "tag": "minecraft:bookshelf"
            },
            "radius": 5,
            "shape": "cube",
            "comparison": ">=",
            "compare_to": 4
        }
    }
}