{
    "display": {
        "icon": {
            "item": "minecraft:ender_chest",
            "nbt": "{Enchantments:[{}]}"
        },
        "title": "Extradimensional Chest",
        "description": "test",
        "frame": "task",
        "announce_to_chat": false
    },
    "parent": "ntorigins:wizard/spell_tree/3rituals/2dimensions/2path_of_dimensions",
    "criteria": {
        "craft_10_ender_chests": {
            "trigger": "minecraft:inventory_changed",
            "conditions": {
                "player": [
                    {
                        "condition": "minecraft:reference",
                        "name": "ntorigins:wizard"
                    },
                    {
                        "condition": "minecraft:entity_properties",
                        "entity": "this",
                        "predicate": {
                            "type": "minecraft:player",
                            "type_specific": {
                                "type": "player",
                                "advancements": {
                                    "ntorigins:wizard/spell_tree/3rituals/2dimensions/2path_of_dimensions": true
                                }
                            }
                        }
                    }
                ],
                "items": [
                    {
                        "items": [
                            "minecraft:ender_chest"
                        ],
                        "count": {
                            "min": 10
                        }
                    }
                ]
            }
        }
    }
}
