{
    "display": {
        "icon": {
            "item": "minecraft:diamond_pickaxe",
            "nbt": "{Enchantments:[{}]}"
        },
        "title": "Impossible Harvest",
        "description": "test",
        "frame": "task",
        "announce_to_chat": false
    },
    "parent": "ntorigins:wizard/spell_tree/3rituals/2dimensions/extradimensional_chest",
    "criteria": {
        "collect_64_amethyst": {
            "trigger": "minecraft:inventory_changed",
            "conditions": {
                "player": [
                    {
                        "condition": "minecraft:reference",
                        "name": "ntorigins:wizard"
                    },
                    {
                        "condition": "minecraft:entity_properties",
                        "entity": "this",
                        "predicate": {
                            "type": "minecraft:player",
                            "type_specific": {
                                "type": "player",
                                "advancements": {
                                    "ntorigins:wizard/spell_tree/3rituals/2dimensions/extradimensional_chest": true
                                }
                            }
                        }
                    }
                ],
                "items": [
                    {
                        "items": [
                            "minecraft:amethyst_block"
                        ],
                        "count": {
                            "min": 64
                        }
                    }
                ]
            }
        }
    }
}
