{
    "display": {
        "icon": {
            "item": "minecraft:end_portal_frame",
            "nbt": "{Enchantments:[{}]}"
        },
        "title": "Plane Shift",
        "description": "test",
        "frame": "task",
        "announce_to_chat": false
    },
    "parent": "ntorigins:wizard/spell_tree/3rituals/2dimensions/impossible_harvest",
    "criteria": {
        "kill_dragon_again": {
            "trigger": "minecraft:player_killed_entity",
            "conditions": {
                "player": [
                    {
                        "condition": "minecraft:reference",
                        "name": "ntorigins:wizard"
                    },
                    {
                        "condition": "minecraft:entity_properties",
                        "entity": "this",
                        "predicate": {
                            "type": "minecraft:player",
                            "type_specific": {
                                "type": "player",
                                "advancements": {
                                    "minecraft:end/respawn_dragon": true,
                                    "ntorigins:wizard/spell_tree/3rituals/2dimensions/impossible_harvest": true
                                }
                            }
                        }
                    }
                ],
                "entity": [
                    {
                        "condition": "minecraft:entity_properties",
                        "entity": "this",
                        "predicate": {
                            "type": "minecraft:ender_dragon"
                        }
                    }
                ]
            }
        }
    }
}
