{
    "display": {
        "icon": {
            "item": "minecraft:amethyst_shard"
        },
        "title": "Wizard Spellcasting - Cantrips",
        "description": "You have a basic control of simple magical energies, enabling you to cast certain simple spells without the use of a spellbook or staff.",
        "frame": "goal",
        "announce_to_chat": false
    },
    "parent": "ntorigins:wizard/spell_tree/spellcaster",
    "criteria": {
        "requirement": {
            "trigger": "minecraft:tick",
            "conditions": {
                "player": [
                    {
                        "condition": "minecraft:reference",
                        "name": "ntorigins:wizard"
                    }
                ]
            }
        }
    }
}
