{
    "display": {
        "icon": {
            "item": "minecraft:diamond_chestplate",
            "nbt": "{Enchantments:[{}]}"
        },
        "title": "Mage Armor Upgrade II",
        "description": "You've managed to get your mage armor to provide extra protection.",
        "frame": "task",
        "announce_to_chat": false
    },
    "parent": "ntorigins:wizard/spell_tree/1cantrips/armor_upgrade_1",
    "criteria": {
        "netherite_ingot": {
            "trigger": "minecraft:inventory_changed",
            "conditions": {
                "player": [
                    {
                        "condition": "minecraft:reference",
                        "name": "ntorigins:wizard"
                    },
                    {
                        "condition": "minecraft:entity_properties",
                        "entity": "this",
                        "predicate": {
                            "type": "minecraft:player",
                            "type_specific": {
                                "type": "player",
                                "advancements": {
                                    "ntorigins:wizard/spell_tree/1cantrips/armor_upgrade_1": true
                                }
                            }
                        }
                    }
                ],
                "items": [
                    {
                        "items": [
                            "minecraft:netherite_ingot"
                        ]
                    }
                ]
            }
        }
    }
}
