{
    "display": {
        "icon": {
            "item": "minecraft:netherite_chestplate",
            "nbt": "{Enchantments:[{}]}"
        },
        "title": "Mage Armor Upgrade III",
        "description": "You've managed to get your mage armor to provide a lot of extra protection.",
        "frame": "task",
        "announce_to_chat": false
    },
    "parent": "ntorigins:wizard/spell_tree/1cantrips/armor_upgrade_2",
    "criteria": {
        "full_netherite": {
            "trigger": "minecraft:inventory_changed",
            "conditions": {
                "player": [
                    {
                        "condition": "minecraft:reference",
                        "name": "ntorigins:wizard"
                    },
                    {
                        "condition": "minecraft:entity_properties",
                        "entity": "this",
                        "predicate": {
                            "type": "minecraft:player",
                            "type_specific": {
                                "type": "player",
                                "advancements": {
                                    "ntorigins:wizard/spell_tree/1cantrips/armor_upgrade_2": true
                                }
                            }
                        }
                    }
                ],
                "items": [
                    {
                        "items": [
                            "minecraft:netherite_helmet"
                        ]
                    },
                    {
                        "items": [
                            "minecraft:netherite_chestplate"
                        ]
                    },
                    {
                        "items": [
                            "minecraft:netherite_leggings"
                        ]
                    },
                    {
                        "items": [
                            "minecraft:netherite_boots"
                        ]
                    }
                ]
            }
        }
    }
}
