{
    "display": {
        "icon": {
            "item": "minecraft:fire_charge"
        },
        "title": "Fire Bolt Cantrip",
        "description": "Ignite the air in front of you in a mote of fire, which you cast at your enemy, setting them ablaze.  Shoots a fiery projectile which deals minor fire damage and sets the enemy on fire.",
        "frame": "task",
        "announce_to_chat": false,
        "hidden": false
    },
    "parent": "ntorigins:wizard/spell_tree/1cantrips/orb_of_frost",
    "criteria": {
        "get_fire_charge": {
            "trigger": "minecraft:inventory_changed",
            "conditions": {
                "player": [
                    {
                        "condition": "minecraft:reference",
                        "name": "ntorigins:wizard"
                    },
                    {
                        "condition": "minecraft:entity_properties",
                        "entity": "this",
                        "predicate": {
                            "type": "minecraft:player",
                            "type_specific": {
                                "type": "player",
                                "advancements": {
                                    "ntorigins:wizard/spell_tree/1cantrips/orb_of_frost": true
                                }
                            }
                        }
                    }
                ],
                "items": [
                    {
                        "items": [
                            "minecraft:fire_charge"
                        ]
                    }
                ]
            }
        }
    }
}
