{
    "display": {
        "icon": {
            "item": "minecraft:golden_chestplate",
            "nbt": "{Enchantments:[{}]}"
        },
        "title": "Mage Armor Upgrades",
        "description": "Now that you can create magical armor, you think you might be able to make it even more effective, with some additional research...",
        "frame": "goal",
        "announce_to_chat": false,
        "hidden": true
    },
    "parent": "ntorigins:wizard/spell_tree/1cantrips/mage_armor",
    "criteria": {
        "mage_armor": {
            "trigger": "minecraft:tick",
            "conditions": {
                "player": [
                    {
                        "condition": "minecraft:reference",
                        "name": "ntorigins:wizard"
                    },
                    {
                        "condition": "minecraft:entity_properties",
                        "entity": "this",
                        "predicate": {
                            "type": "minecraft:player",
                            "type_specific": {
                                "type": "player",
                                "advancements": {
                                    "ntorigins:wizard/spell_tree/1cantrips/mage_armor": true
                                }
                            }
                        }
                    }
                ]
            }
        }
    }
}
