{
    "display": {
        "icon": {
            "item": "minecraft:snowball"
        },
        "title": "Orb of Frost Cantrip",
        "description": "Condense the air in front of you into a ball of ice and magical energy, which you hurl at your foe, knocking them back and chilling them to their core.\\n\\nPress 'X' to fire a snowball\\n  Applies knockback and a brief �Chilled� effect, which applies slowness and minor damage over time.",
        "frame": "task",
        "announce_to_chat": false
    },
    "parent": "ntorigins:wizard/spell_tree/1cantrips/1cantrips",
    "criteria": {
        "requirement": {
            "trigger": "minecraft:tick",
            "conditions": {
                "player": [
                    {
                        "condition": "minecraft:reference",
                        "name": "ntorigins:wizard"
                    },
                    {
                        "condition": "minecraft:entity_properties",
                        "entity": "this",
                        "predicate": {
                            "type": "minecraft:player",
                            "type_specific": {
                                "type": "player",
                                "advancements": {
                                    "ntorigins:wizard/spell_tree/1cantrips/1cantrips": true
                                }
                            }
                        }
                    }
                ]
            }
        }
    }
}
