{
    "display": {
        "icon": {
            "item": "minecraft:chiseled_stone_bricks",
            "nbt": "{Enchantments:[{}]}"
        },
        "title": "Mastery of Earth",
        "description": "test",
        "frame": "challenge",
        "announce_to_chat": false,
        "hidden": true
    },
    "parent": "ntorigins:wizard/spell_tree/2spells/earth/meld_into_earth",
    "criteria": {
        "learned_all_spells": {
            "trigger": "minecraft:tick",
            "conditions": {
                "player": [
                    {
                        "condition": "minecraft:reference",
                        "name": "ntorigins:wizard"
                    },
                    {
                        "condition": "minecraft:entity_properties",
                        "entity": "this",
                        "predicate": {
                            "type": "minecraft:player",
                            "type_specific": {
                                "type": "player",
                                "advancements": {
                                    "ntorigins:wizard/spell_tree/2spells/earth/meld_into_earth": true
                                }
                            }
                        }
                    }
                ]
            }
        }
    }
}
